# ************************************************************
# Sequel Pro SQL dump
# Versión 4541
#
# http://www.sequelpro.com/
# https://github.com/sequelpro/sequelpro
#
# Host: 127.0.0.1 (MySQL 5.7.24)
# Base de datos: cetis108_tercer_parcial
# Tiempo de Generación: 2018-11-13 06:00:49 +0000
# ************************************************************

DROP DATABASE IF EXISTS `cetis108_tercer_parcial`;
CREATE DATABASE IF NOT EXISTS `cetis108_tercer_parcial`;
USE `cetis108_tercer_parcial`;


/*!40101 SET @OLD_CHARACTER_SET_CLIENT=@@CHARACTER_SET_CLIENT */;
/*!40101 SET @OLD_CHARACTER_SET_RESULTS=@@CHARACTER_SET_RESULTS */;
/*!40101 SET @OLD_COLLATION_CONNECTION=@@COLLATION_CONNECTION */;
/*!40101 SET NAMES utf8 */;
/*!40014 SET @OLD_FOREIGN_KEY_CHECKS=@@FOREIGN_KEY_CHECKS, FOREIGN_KEY_CHECKS=0 */;
/*!40101 SET @OLD_SQL_MODE=@@SQL_MODE, SQL_MODE='NO_AUTO_VALUE_ON_ZERO' */;
/*!40111 SET @OLD_SQL_NOTES=@@SQL_NOTES, SQL_NOTES=0 */;


# Volcado de tabla alumnos
# ------------------------------------------------------------

DROP TABLE IF EXISTS `alumnos`;

CREATE TABLE `alumnos` (
  `id` int(10) unsigned NOT NULL AUTO_INCREMENT,
  `no_control` char(14) NOT NULL,
  `nombre` varchar(50) NOT NULL,
  `paterno` varchar(30) NOT NULL DEFAULT 'X',
  `materno` varchar(30) NOT NULL,
  `curp` char(18) NOT NULL,
  `genero` enum('H','M') DEFAULT NULL,
  `fecha_nacimiento` date DEFAULT NULL,
  `estado_2c` char(2) DEFAULT NULL,
  `generacion` char(9) DEFAULT NULL,
  PRIMARY KEY (`id`),
  UNIQUE KEY `no_control` (`no_control`),
  UNIQUE KEY `curp` (`curp`)
) ENGINE=InnoDB DEFAULT CHARSET=utf8mb4;

LOCK TABLES `alumnos` WRITE;
/*!40000 ALTER TABLE `alumnos` DISABLE KEYS */;

INSERT INTO `alumnos` (`id`, `no_control`, `nombre`, `paterno`, `materno`, `curp`, `genero`, `fecha_nacimiento`, `estado_2c`, `generacion`)
VALUES
	(1,'17325061080099','MARIANA','CHAIDES','CERVANTES','CACM020925MSLHRRA6','M','2002-09-25','SL','2017-2020'),
	(2,'17325061080124','MELINA SADDAY','PEREZ','VIZCARRA','MAZG020301MSLRMRA3','M','2002-03-01','SL','2017-2020'),
	(3,'17325061080125','MALITZIN ANAYANCI','RUBIO','CAMACHO','RUCM020819MSLBMLA1','M','2002-08-19','SL','2017-2020'),
	(4,'17325061080127','KARLA GUADALUPE','SANDOVAL','AYALA','SAAK020204MSLNYRA0','M','2002-02-04','SL','2017-2020'),
	(5,'17325061080132','IRMA GUADALUPE','VEA','SALAZAR','VESI020618MSLXLRA5','M','2002-06-18','SL','2017-2020'),
	(6,'17325061080134','BRAYAN JACOBO','VERDUGO','GALVEZ','VEGB021021HSLRLRA5','H','2002-10-21','SL','2017-2020'),
	(7,'17325061080136','JUSTIN GABRIEL','ABOITE','GONZALEZ','AOGJ010913HSLBNSA6','H','2001-09-13','SL','2017-2020'),
	(8,'17325061080139','IVAN RAMSES','ATONDO','VEJAR','AOVI990827HSRTJV00','H','1999-08-27','SR','2017-2020'),
	(9,'17325061080142','EDWIN','BERRELLEZA','SOTELO','BESE020311HSLRTDA8','H','2002-03-11','SL','2017-2020'),
	(10,'17325061080146','ANDRES ANTONIO','CASTRO','BELTRAN','CABA021118HSLSLNA4','H','2002-11-18','SL','2017-2020'),
	(11,'17325061080148','JESUS ARMANDO','DIMAS','OBESO','DIOJ020725HSLMBSA1','H','2002-07-25','SL','2017-2020'),
	(12,'17325061080149','JORGE IVAN','ELENES','SOTO','EESJ020403HSLLTRA0','H','2002-04-03','SL','2017-2020'),
	(13,'17325061080174','GRISEL YAVIER','SAÑUDO','LOPEZ','SALG020104MSLXPRA6','M','2002-01-04','SL','2017-2020'),
	(14,'17325061080177','JUDA JUAN PABLO','TORRES','ESPINOZA','TOEJ020928HSLRSDA9','H','2002-09-28','SL','2017-2020'),
	(15,'17325061080188','SURIEL ADRIAN','BOJORQUEZ','ARMENTA','BOAS020430HSLJRRA6','H','2002-04-30','SL','2017-2020'),
	(16,'17325061080192','JOSUE','CASTRO','LOPEZ','CALJ030409HNESPAA2','H','2003-04-09','NE','2017-2020'),
	(17,'17325061080205','JUAN DE DIOS','INZUNZA','RODRIGUEZ','IURJ020721HSLNDNA3','H','2002-07-21','SL','2017-2020'),
	(18,'17325061080231','YERCO SEBASTIAN','VALENZUELA','VIDOVICH','VAVY011220HSLLDRA4','H','2001-12-20','SL','2017-2020'),
	(19,'17325061080281','NICOLE GUADALUPE','CARDENAS','PEREZ','CAPN020430MSLRRCA0','M','2002-04-30','SL','2017-2020'),
	(20,'17325061080288','JOSE MANUEL','FELIX','AGUERO','FEAM020610HSLLGNA7','H','2002-06-10','SL','2017-2020'),
	(21,'17325061080292','INRI ROSARIO','GARCIA','GUZMAN','GACI020404HSLRZNA2','H','2002-04-04','SL','2017-2020'),
	(22,'17325061080300','MIGUEL ALONSO','LOPEZ','PEÑUELAS','LOPM020118HSLPXGA3','H','2002-01-18','SL','2017-2020'),
	(23,'17325061080305','JORGE LUIS','MORALES','GOMEZ','MOGJ020205HSLRMRA8','H','2002-02-05','SL','2017-2020'),
	(24,'17325061080308','MANUEL ALFONSO','ORNELAS','MARTINEZ','OEMM021130HBCRRNA5','H','2002-11-30','BC','2017-2020'),
	(25,'17325061080312','OBED','RUBIO','GUTIERREZ','RUGO020306HSLBTBA2','H','2002-03-06','SL','2017-2020'),
	(26,'17325061080313','KIMBERLY MILAGROS','X','SANDOVAL','SAXK020528MSLNXMA9','M','2002-05-28','SL','2017-2020'),
	(27,'17325061080317','MAYRA ELIZETH','VEA','FALOMIR','VEFM010921MBCXLYA1','M','2001-09-21','BC','2017-2020'),
	(28,'17325061080322','JESUS PAUL','ALVAREZ','LOPEZ','AALJ020825HSLLPSA9','H','2002-08-25','SL','2017-2020'),
	(29,'17325061080336','JESUS ARMANDO','ESPARZA','MOYA','EAMJ010330HSLSYSA8','H','2001-03-30','SL','2017-2020'),
	(30,'17325061080337','JOSE ORLANDO','ESPARZA','MOYA','EAMO010330HSLSYRA1','H','2001-03-30','SL','2017-2020'),
	(31,'17325061080339','ITZEL TAYDEE','GALVEZ','CHICUATE','GACI021012MSLLHTA6','M','2002-10-12','SL','2017-2020'),
	(32,'17325061080351','JESUS FERNANDO','MELENDREZ','ROMERO','MERJ020612HSLLMSA8','H','2002-06-12','SL','2017-2020'),
	(33,'17325061080360','ALEXA ESTHER','SEPULVEDA','VALENZUELA','SEVA020204MSLPLLA2','M','2002-02-04','SL','2017-2020'),
	(34,'17325061080361','JESUS GUADALUPE','TEJADA','LUQUE','TELJ001022HSLJQSA6','H','2000-10-22','SL','2017-2020'),
	(35,'17325061080364','JULIAN ALONSO','VELAZQUEZ','CARBAJAL','VECJ020212HSLLRLA8','H','2002-02-12','SL','2017-2020'),
	(36,'17325061080367','JOSE CARLOS','ALVAREZ','LOPEZ','AALC020902HSLLPRA3','H','2002-09-02','SL','2017-2020'),
	(37,'17325061080441','EXIQUIO EDUARDO','MONTES','CRUZ','MOCE020821HSLNRXA0','H','2002-08-21','SL','2017-2020'),
	(38,'17325061080442','EDLIN YAMILETH','OVALLES','ZAZUETA','OAZE000630MSLVZDA0','M','2000-06-30','SL','2017-2020'),
	(39,'17325061080451','YOSELINE IRASEMA','ATONDO','VEJAR','AOVY001227MSRTJSA1','M','2000-12-27','SR','2017-2020'),
	(40,'17325061080452','DAYAN RAFAELA','VALLE','ESCALANTE','VAED021004MSLLSYA0','M','2002-10-04','SL','2017-2020'),
	(41,'17325061080456','EVELIN ESTEFANI','ROSALES','ESPINOZA','ROEE020225MSLSSVA2','M','2002-02-25','SL','2017-2020'),
	(42,'17325061080457','ELEAZAR','FELIX','ACEVEDO','FEAE020810HSLLCLA7','H','2002-08-10','SL','2017-2020'),
	(43,'17325061080462','EVELYN JASIVE','SANCHEZ','IBARRA','SAIE020103MSLNBVA6','M','2002-01-03','SL','2017-2020');

/*!40000 ALTER TABLE `alumnos` ENABLE KEYS */;
UNLOCK TABLES;


# Volcado de tabla asignaturas
# ------------------------------------------------------------

DROP TABLE IF EXISTS `asignaturas`;

CREATE TABLE `asignaturas` (
  `id` int(10) unsigned NOT NULL AUTO_INCREMENT,
  `carrera_id` int(10) unsigned NOT NULL,
  `nombre` varchar(200) NOT NULL,
  `semestre` tinyint(2) unsigned NOT NULL,
  `horas` tinyint(2) unsigned DEFAULT NULL,
  PRIMARY KEY (`id`),
  KEY `fk_asignaturas_carreras` (`carrera_id`),
  CONSTRAINT `fk_asignaturas_carreras` FOREIGN KEY (`carrera_id`) REFERENCES `carreras` (`id`) ON UPDATE CASCADE
) ENGINE=InnoDB DEFAULT CHARSET=utf8mb4;

LOCK TABLES `asignaturas` WRITE;
/*!40000 ALTER TABLE `asignaturas` DISABLE KEYS */;

INSERT INTO `asignaturas` (`id`, `carrera_id`, `nombre`, `semestre`, `horas`)
VALUES
	(1,6,'ÁLGEBRA',1,0),
	(2,6,'INGLÉS I',1,0),
	(3,6,'LECTURA, EXPRESIÓN ORAL Y ESCRITA I',1,0),
	(4,6,'LÓGICA',1,0),
	(5,6,'QUÍMICA I',1,0),
	(6,6,'TECNOLOGÍAS DE LA INFORMACIÓN Y LA COMUNICACIÓN',1,0),
	(7,2,'FORMULA ESTADOS FINANCIEROS DE LAS EMPRESAS',2,0),
	(8,2,'GEOMETRÍA Y TRIGONOMETRÍA',2,0),
	(9,2,'INGLÉS II',2,0),
	(10,2,'LECTURA, EXPRESIÓN ORAL Y ESCRITA II',2,0),
	(11,2,'QUÍMICA II',2,0),
	(12,2,'REGISTRA INFORMACIÓN CONTABLE DE DIVERSAS ENTIDADES ECONÓMICAS',2,0),
	(13,2,'BIOLOGÍA',3,0),
	(14,2,'ÉTICA',3,0),
	(15,2,'GEOMETRÍA ANALÍTICA',3,0),
	(16,2,'INGLÉS III',3,0),
	(17,2,'REGISTRA INFORMACIÓN CONTABLE EN FORMA ELECTRÓNICA',3,0),
	(18,2,'REGISTRA INFORMACIÓN DE LOS RECURSOS FINANCIEROS',3,0),
	(19,2,'REGISTRA INFORMACIÓN DE LOS RECURSOS MATERIALES',3,0),
	(20,2,'REGISTRA INFORMACIÓN DE LOS RECURSOS MATERIALES Y FINANCIEROS',3,0),
	(21,2,'CÁLCULO DIFERENCIAL',4,0),
	(22,2,'ECOLOGÍA',4,0),
	(23,2,'FÍSICA I',4,0),
	(24,2,'GENERA NÓMINAS EN FORMA ELECTRÓNICA',4,0),
	(25,2,'INGLÉS IV',4,0),
	(26,2,'REGISTRA INFORMACIÓN CONTABLE DE DIVERSAS ENTIDADES FABRILES',4,0),
	(27,2,'CÁLCULO INTEGRAL',5,0),
	(28,2,'CIENCIA, TECNOLOGÍA, SOCIEDAD Y VALORES',5,0),
	(29,2,'CIENCIA, TECNOLOGÍA, SOCIEDAD Y VALORES III',5,0),
	(30,2,'FÍSICA II',5,0),
	(31,2,'GENERA INFORMACIÓN FISCAL DE LAS PERSONAS FÍSICAS',5,0),
	(32,2,'GENERA INFORMACIÓN FISCAL DE LAS PERSONAS MORALES',5,0),
	(33,2,'INGLÉS V',5,0),
	(34,2,'ADMINISTRACIÓN',6,0),
	(35,2,'BIOLOGÍA CONTEMPORÁNEA',6,0),
	(36,2,'CONTROLA CUENTAS POR COBRAR Y POR PAGAR DE LAS EMPRESAS',6,0),
	(37,2,'ECONOMÍA',6,0),
	(38,2,'INTRODUCCIÓN A LA ECONOMÍA',6,0),
	(39,2,'MATEMÁTICA APLICADA',6,0),
	(40,2,'PROBABILIDAD Y ESTADÍSTICA',6,0),
	(41,2,'TEMAS DE ADMINISTRACIÓN',6,0),
	(42,2,'TEMAS DE FILOSOFÍA',6,0),
	(43,2,'VERIFICA QUE LA INFORMACIÓN CONTABLE DE UNA ENTIDAD ECONÓMICA CORRESPONDA A LAS POLÍTICAS',6,0),
	(44,1,'COMPRUEBA QUE LOS SISTEMAS ELECTRÓNICOS OPEREN BAJO LAS ESPECIFICACIONES DEL FABRICANTE',2,0),
	(45,1,'GEOMETRÍA Y TRIGONOMETRÍA',2,0),
	(46,1,'IMPLEMENTA SISTEMAS ELECTRÓNICOS ANALÓGICOS',2,0),
	(47,1,'INGLÉS II',2,0),
	(48,1,'LECTURA, EXPRESIÓN ORAL Y ESCRITA II',2,0),
	(49,1,'MIDE E INTERPRETA LAS VARIABLES ELÉCTRICAS DE SISTEMAS ELÉCTRICOS',2,0),
	(50,1,'MIDE E INTERPRETA LOS PARÁMETROS DE SISTEMAS ELÉCTRICOS',2,0),
	(51,1,'QUÍMICA II',2,0),
	(52,1,'BIOLOGÍA',3,0),
	(53,1,'ÉTICA',3,0),
	(54,1,'GEOMETRÍA ANALÍTICA',3,0),
	(55,1,'IMPLEMENTA CIRCUITOS DIGITALES',3,0),
	(56,1,'IMPLEMENTA SISTEMAS DE CONTROL DE BAJA POTENCIA',3,0),
	(57,1,'INGLÉS III',3,0),
	(58,1,'REPARA EQUIPOS DE AUDIO',3,0),
	(59,1,'REPARA RECEPTORES DE TELEVISIÓN HD',3,0),
	(60,1,'CÁLCULO DIFERENCIAL',4,0),
	(61,1,'ECOLOGÍA',4,0),
	(62,1,'FÍSICA I',4,0),
	(63,1,'INGLÉS IV',4,0),
	(64,1,'MANTIENE SISTEMAS ELECTRÓNICOS DE USO COMERCIAL',4,0),
	(65,1,'PROGRAMA PLC EMPLEADOS EN SISTEMAS ELECTRÓNICOS',4,0),
	(66,1,'CÁLCULO INTEGRAL',5,0),
	(67,1,'CIENCIA, TECNOLOGÍA, SOCIEDAD Y VALORES',5,0),
	(68,1,'FÍSICA II',5,0),
	(69,1,'INGLÉS V',5,0),
	(70,1,'MANTIENE SISTEMAS ELECTRÓNICOS DE USO INDUSTRIAL',5,0),
	(71,1,'PROGRAMA MICROCONTROLADORES EN APLICACIONES DE USO COMERCIAL',5,0),
	(72,1,'DIBUJO TÉCNICO',6,0),
	(73,1,'INSTALA Y MANTIENE SISTEMAS ELECTRÓNICOS EN EDIFICIOS INTELIGENTES',6,0),
	(74,1,'MANTIENE SISTEMAS AUTOMATIZADOS DE APLICACIÓN INDUSTRIAL',6,0),
	(75,1,'MATEMÁTICAS APLICADAS',6,0),
	(76,1,'PROBABILIDAD Y ESTADÍSTICA',6,0),
	(77,1,'TEMAS DE FILOSOFÍA',6,0),
	(78,1,'TEMAS DE FÍSICA',6,0),
	(79,3,'GEOMETRÍA Y TRIGONOMETRÍA',2,0),
	(80,3,'INGLÉS II',2,0),
	(81,3,'LECTURA, EXPRESIÓN ORAL Y ESCRITA II',2,0),
	(82,3,'MANTIENE AL SISTEMA ELECTRÓNICO DEL AUTOMÓVIL',2,0),
	(83,3,'MANTIENE EL SISTEMA ELÉCTRICO DEL AUTOMÓVIL',2,0),
	(84,3,'MANTIENE EL SISTEMA ELÉCTRICO DEL AUTOMÓVIL CON BASE EN EL MANUAL DEL FABRICANTE',2,0),
	(85,3,'MANTIENE EL SISTEMA ELECTRÓNICO DEL AUTOMÓVIL',2,0),
	(86,3,'QUÍMICA II',2,0),
	(87,3,'BIOLOGÍA',3,0),
	(88,3,'ELABORA MANTENIMIENTO PREVENTIVO Y CORRECTIVO A LA CALEFACCIÓN Y AIRE ACONDICIONADO DEL AUTOMÓVIL',3,0),
	(89,3,'ÉTICA',3,0),
	(90,3,'GEOMETRÍA ANALÍTICA',3,0),
	(91,3,'INGLÉS III',3,0),
	(92,3,'MANTIENE EL MOTOR DE GASOLINA Y DE DIÉSEL',3,0),
	(93,3,'MANTIENE EL SISTEMA DE CALEFACCIÓN Y AIRE ACONDICIONADO DEL AUTOMÓVIL',3,0),
	(94,3,'MANTIENE EL SISTEMA DE ENFRIAMIENTO Y LUBRICACIÓN DEL MOTOR',3,0),
	(95,3,'REALIZA MANTENIMIENTO PREVENTIVO Y CORRECTIVO A LOS SISTEMAS DE ENFRIAMIENTO Y LUBRICACIÓN DEL MOTOR',3,0),
	(96,3,'REALIZA MANTENIMIENTO PREVENTIVO Y CORRECTIVO AL MOTOR DE GASOLINA Y DE DIESEL',3,0),
	(97,3,'CÁLCULO DIFERENCIAL',4,0),
	(98,3,'CORRIGE FALLAS DE LOS SISTEMAS DE INYECCIÓN ELECTRÓNICA DE LOS MOTORES DE GASOLINA Y DIESEL',4,0),
	(99,3,'DIAGNOSTICA EL FUNCIONAMIENTO DE LOS SISTEMAS DE ENCENDIDO ELECTRÓNICO Y COMPUTARIZADO DEL MOTOR',4,0),
	(100,3,'ECOLOGÍA',4,0),
	(101,3,'FÍSICA I',4,0),
	(102,3,'INGLÉS IV',4,0),
	(103,3,'MANTIENE LAS EMISIONES CONTAMINANTES DENTRO DE LAS ESPECIFICACIONES DEL FABRICANTE',4,0),
	(104,3,'CÁLCULO INTEGRAL',5,0),
	(105,3,'CIENCIA, TECNOLOGÍA, SOCIEDAD Y VALORES',5,0),
	(106,3,'FÍSICA II',5,0),
	(107,3,'INGLÉS V',5,0),
	(108,3,'MANTIENE AL SISTEMA DE TRANSMISIÓN Y TRANSEJE AUTOMÁTICO SEGÚN ESPECIFICACIONES DEL FABRICANTE',5,0),
	(109,3,'REALIZA SERVICIO DE MANTENIMIENTO AL SISTEMA DE TRANSMISIÓN TRANSEJE MANUAL SEGÚN ESPECIFICACIONES DEL FABRICANTE',5,0),
	(110,3,'DIBUJO TÉCNICO',6,0),
	(111,3,'MANTIENE LOS SISTEMAS DE FRENOS EN CONDICIONES DE OPERACIÓN',6,0),
	(112,3,'MANTIENE LOS SISTEMAS DE SUSPENSIÓN Y DIRECCIÓN DEL AUTOMÓVIL',6,0),
	(113,3,'MATEMÁTICA APLICADA',6,0),
	(114,3,'MATEMÁTICAS APLICADAS',6,0),
	(115,3,'PROBABILIDAD Y ESTADÍSTICA',6,0),
	(116,3,'TEMAS DE FILOSOFÍA',6,0),
	(117,3,'TEMAS DE FÍSICA',6,0),
	(118,4,'DESARROLLA SOFTWARE UTILIZANDO PROGRAMACIÓN ESTRUCTURADA',2,0),
	(119,4,'DISEÑA Y ADMINISTRA BASES DE DATOS SIMPLES',2,0),
	(120,4,'GEOMETRÍA Y TRIGONOMETRÍA',2,0),
	(121,4,'INGLÉS II',2,0),
	(122,4,'LECTURA, EXPRESIÓN ORAL Y ESCRITA II',2,0),
	(123,4,'QUÍMICA II',2,0),
	(124,4,'BIOLOGÍA',3,0),
	(125,4,'DESARROLLA SOFTWARE DE APLICACIÓN UTILIZANDO PROGRAMACIÓN ORIENTADA A OBJETOS',3,0),
	(126,4,'DISEÑA Y ADMINISTRA BASES DE DATOS AVANZADAS',3,0),
	(127,4,'ÉTICA',3,0),
	(128,4,'GEOMETRÍA ANALÍTICA',3,0),
	(129,4,'INGLÉS III',3,0),
	(130,4,'CÁLCULO DIFERENCIAL',4,0),
	(131,4,'DESARROLLA APLICACIONES MÓVILES',4,0),
	(132,4,'DESARROLLA APLICACIONES WEB',4,0),
	(133,4,'ECOLOGÍA',4,0),
	(134,4,'FÍSICA I',4,0),
	(135,4,'INGLÉS IV',4,0),
	(136,4,'ADMINISTRA SISTEMAS OPERATIVOS',5,0),
	(137,4,'CÁLCULO INTEGRAL',5,0),
	(138,4,'CIENCIA, TECNOLOGÍA, SOCIEDAD Y VALORES',5,0),
	(139,4,'FÍSICA II',5,0),
	(140,4,'INGLÉS V',5,0),
	(141,4,'INSTALA Y CONFIGURA APLICACIONES Y SERVICIOS',5,0),
	(142,4,'ADMINISTRA Y CONFIGURA PLATAFORMAS DE E–LEARNING',6,0),
	(143,4,'DESARROLLA SOLUCIONES DE COMERCIO ELECTRÓNICO',6,0),
	(144,4,'MATEMÁTICAS APLICADAS',6,0),
	(145,4,'PROBABILIDAD Y ESTADÍSTICA',6,0),
	(146,4,'TEMAS DE FILOSOFÍA',6,0),
	(147,4,'TEMAS DE FÍSICA',6,0),
	(148,5,'ENSAMBLA EQUIPO DE CÓMPUTO DE ACUERDO CON LAS CARACTERÍSTICAS TÉCNICAS DE COMPONENTES Y DISPOSITIVOS PERIFÉRICOS',2,0),
	(149,5,'GEOMETRÍA Y TRIGONOMETRÍA',2,0),
	(150,5,'INGLÉS II',2,0),
	(151,5,'INSTALA CONTROLADORES DEL EQUIPO DE CÓMPUTO Y DISPOSITIVOS PERIFÉRICOS',2,0),
	(152,5,'INSTALA Y CONFIGURA SOFTWARE DE ACUERDO CON LAS ESPECIFICACIONES Y REQUERIMIENTOS DEL USUARIO',2,0),
	(153,5,'LECTURA, EXPRESIÓN ORAL Y ESCRITA II',2,0),
	(154,5,'QUÍMICA II',2,0),
	(155,5,'BIOLOGÍA',3,0),
	(156,5,'ESTABLECE LA SEGURIDAD INFORMÁTICA EN EL EQUIPO DE CÓMPUTO',3,0),
	(157,5,'ÉTICA',3,0),
	(158,5,'GEOMETRÍA ANALÍTICA',3,0),
	(159,5,'INGLÉS III',3,0),
	(160,5,'REALIZA MANTENIMIENTO CORRECTIVO',3,0),
	(161,5,'REALIZA MANTENIMIENTO PREVENTIVO',3,0),
	(162,5,'BRINDA SOPORTE TÉCNICO A DISTANCIA',4,0),
	(163,5,'BRINDA SOPORTE TÉCNICO DE MANERA PRESENCIAL',4,0),
	(164,5,'CÁLCULO DIFERENCIAL',4,0),
	(165,5,'ECOLOGÍA',4,0),
	(166,5,'FÍSICA I',4,0),
	(167,5,'INGLÉS IV',4,0),
	(168,5,'CÁLCULO INTEGRAL',5,0),
	(169,5,'CIENCIA, TECNOLOGÍA, SOCIEDAD Y VALORES',5,0),
	(170,5,'DISEÑA LA RED LAN DE ACUERDO A LAS CONDICIONES Y REQUERIMIENTOS DE LA ORGANIZACIÓN',5,0),
	(171,5,'FÍSICA II',5,0),
	(172,5,'INGLÉS V',5,0),
	(173,5,'INSTALA Y MANTIENE REDES LAN DE ACUERDO A ESTÁNDARES OFICIALES',5,0),
	(174,5,'ACTUALIZA LOS RECURSOS DE LA RED LAN CON BASE A LAS CONDICIONES Y REQUERIMIENTOS DE LA ORGANIZACIÓN',6,0),
	(175,5,'ADMINISTRA UNA RED LAN DE ACUERDO A LOS RECURSOS DISPONIBLES Y REQUERIMIENTOS DE LA ORGANIZACIÓN',6,0),
	(176,5,'DIBUJO TÉCNICO',6,0),
	(177,5,'MATEMÁTICAS APLICADAS',6,0),
	(178,5,'PROBABILIDAD Y ESTADÍSTICA',6,0),
	(179,5,'TEMAS DE FILOSOFÍA',6,0),
	(180,5,'TEMAS DE FÍSICA',6,0);

/*!40000 ALTER TABLE `asignaturas` ENABLE KEYS */;
UNLOCK TABLES;


# Volcado de tabla calificaciones
# ------------------------------------------------------------

DROP TABLE IF EXISTS `calificaciones`;

CREATE TABLE `calificaciones` (
  `id` int(10) unsigned NOT NULL AUTO_INCREMENT,
  `grupo_id` int(10) unsigned NOT NULL,
  `alumno_id` int(10) unsigned NOT NULL,
  `asignatura_id` int(10) unsigned NOT NULL,
  `parcial1` double unsigned DEFAULT NULL,
  `parcial2` double unsigned DEFAULT NULL,
  `parcial3` double unsigned DEFAULT NULL,
  `asistencias1` tinyint(2) unsigned DEFAULT NULL,
  `asistencias2` tinyint(2) unsigned DEFAULT NULL,
  `asistencias3` tinyint(2) unsigned DEFAULT NULL,
  `tipo_acreditacion` enum('A','NA','NP') DEFAULT NULL,
  PRIMARY KEY (`id`),
  UNIQUE KEY `uk_grupo_alumno_asignatura` (`grupo_id`,`alumno_id`,`asignatura_id`),
  KEY `fk_calificaciones_grupos` (`grupo_id`),
  KEY `fk_calificaciones_alumnos` (`alumno_id`),
  KEY `fk_calificaciones_asignaturas` (`asignatura_id`),
  CONSTRAINT `fk_calificaciones_alumnos` FOREIGN KEY (`alumno_id`) REFERENCES `alumnos` (`id`) ON UPDATE CASCADE,
  CONSTRAINT `fk_calificaciones_asignaturas` FOREIGN KEY (`asignatura_id`) REFERENCES `asignaturas` (`id`) ON UPDATE CASCADE,
  CONSTRAINT `fk_calificaciones_grupos` FOREIGN KEY (`grupo_id`) REFERENCES `grupos` (`id`) ON UPDATE CASCADE
) ENGINE=InnoDB DEFAULT CHARSET=utf8mb4;

LOCK TABLES `calificaciones` WRITE;
/*!40000 ALTER TABLE `calificaciones` DISABLE KEYS */;

INSERT INTO `calificaciones` (`id`, `grupo_id`, `alumno_id`, `asignatura_id`, `parcial1`, `parcial2`, `parcial3`, `asistencias1`, `asistencias2`, `asistencias3`, `tipo_acreditacion`)
VALUES
	(1,9,38,123,7,8,8,20,20,19,'A'),
	(2,9,38,119,4,4,1,17,41,35,'NA'),
	(3,9,38,120,7,8,5,21,22,21,'A'),
	(4,9,38,122,6,5,7,17,18,20,'A'),
	(5,9,38,118,4,9,8,30,30,30,'A'),
	(6,9,38,121,6,8,1,15,15,10,'NA'),
	(7,9,41,119,4,7,5,27,36,41,'NA'),
	(8,9,41,118,7,8.5,6,29,28,30,'A'),
	(9,9,41,120,10,10,5,21,22,21,'A'),
	(10,9,41,123,8,8,8,20,20,20,'A'),
	(11,9,41,122,6,7,7,19,20,20,'A'),
	(12,9,41,121,7,9,10,15,15,15,'A'),
	(13,10,1,121,7.4,10,10,15,15,15,'A'),
	(14,10,1,120,10,9,10,21,22,21,'A'),
	(15,10,1,118,10,8.5,10,30,30,30,'A'),
	(16,10,1,123,7,7,10,20,16,12,'A'),
	(17,10,1,119,7,9,3,30,41,41,'A'),
	(18,10,1,122,8,8,10,20,20,20,'A'),
	(19,10,2,123,5,9,5,19,16,12,'A'),
	(20,10,2,120,8,10,8,21,22,21,'A'),
	(21,10,2,118,9,9,8,28,28,28,'A'),
	(22,10,2,121,8,10,9,15,15,15,'A'),
	(23,10,2,122,7,8,8,20,20,20,'A'),
	(24,10,2,119,4,6,5,27,37,38,'NA'),
	(25,10,3,121,8.2,10,10,15,15,15,'A'),
	(26,10,3,123,4,8,9,19,16,11,'A'),
	(27,10,3,118,9,9,8,30,26,30,'A'),
	(28,10,3,122,7,10,10,20,20,20,'A'),
	(29,10,3,119,8,10,8,30,38,34,'A'),
	(30,10,3,120,10,10,10,21,22,21,'A'),
	(31,10,4,123,6,9,10,20,16,12,'A'),
	(32,10,4,118,10,9,10,30,30,30,'A'),
	(33,10,4,120,9,10,9,21,22,21,'A'),
	(34,10,4,119,10,9,5,30,38,38,'A'),
	(35,10,4,122,10,8,9,20,20,20,'A'),
	(36,10,4,121,8.2,10,10,15,15,15,'A'),
	(37,10,5,120,10,8,6,21,22,21,'A'),
	(38,10,5,122,6,8,10,20,20,20,'A'),
	(39,10,5,119,8,9,4,25,37,37,'A'),
	(40,10,5,118,8.5,9,9,30,24,30,'A'),
	(41,10,5,121,7,9,10,15,15,15,'A'),
	(42,10,5,123,6,7,9,20,16,10,'A'),
	(43,10,6,118,8,9,7,30,30,30,'A'),
	(44,10,6,123,5,5,10,18,16,12,'A'),
	(45,10,6,120,10,10,10,21,22,21,'A'),
	(46,10,6,122,10,8,9,20,20,20,'A'),
	(47,10,6,121,6.5,8,9,15,15,15,'A'),
	(48,10,6,119,7,8,6,30,37,38,'A'),
	(49,10,7,118,7.5,10,9,30,30,30,'A'),
	(50,10,7,119,8,8,6,23,36,33,'A'),
	(51,10,7,120,10,10,8,21,22,21,'A'),
	(52,10,7,123,9,9,10,19,16,10,'A'),
	(53,10,7,122,9,7,9,20,20,20,'A'),
	(54,10,7,121,10,10,9,15,15,15,'A'),
	(55,10,8,120,5,5,5,21,22,21,'NA'),
	(56,10,8,123,2,3,0,18,13,0,'NP'),
	(57,10,8,121,7.6,1,1,15,15,1,'NP'),
	(58,10,8,118,4,7,4,25,15,20,'NP'),
	(59,10,8,119,6,3,0,22,28,7,'NP'),
	(60,10,8,122,6,6,4,20,16,15,'NA'),
	(61,10,9,122,6,9,10,20,20,20,'A'),
	(62,10,9,120,10,10,10,21,22,21,'A'),
	(63,10,9,123,10,9,10,20,16,11,'A'),
	(64,10,9,121,9.2,10,9,15,15,15,'A'),
	(65,10,9,119,9,9,8,30,38,41,'A'),
	(66,10,9,118,10,9,9,30,30,30,'A'),
	(67,10,10,119,7,9,4,26,34,36,'A'),
	(68,10,10,118,7,8,4,30,24,26,'A'),
	(69,10,10,121,9.4,7,8,15,15,15,'A'),
	(70,10,10,122,6,8,7,20,20,20,'A'),
	(71,10,10,120,10,8,7,21,22,21,'A'),
	(72,10,10,123,1,8,10,17,16,11,'A'),
	(73,10,11,121,9.6,9,9,15,15,15,'A'),
	(74,10,11,120,10,10,8,21,22,21,'A'),
	(75,10,11,119,9,9,5,27,34,30,'A'),
	(76,10,11,123,7,7,8,20,15,11,'A'),
	(77,10,11,118,8,8,7,30,28,30,'A'),
	(78,10,11,122,6,6,7,20,20,20,'A'),
	(79,10,12,121,9,9,9,15,15,15,'A'),
	(80,10,12,120,10,9,6,21,22,21,'A'),
	(81,10,12,119,7,9,3,27,40,29,'A'),
	(82,10,12,123,5,7,8,19,16,10,'A'),
	(83,10,12,122,8,6,7,20,20,20,'A'),
	(84,10,12,118,6,9,8,30,28,30,'A'),
	(85,10,13,119,10,10,10,30,40,38,'A'),
	(86,10,13,121,8.6,10,10,15,15,15,'A'),
	(87,10,13,118,10,10,10,30,30,30,'A'),
	(88,10,13,123,8,9,10,20,16,19,'A'),
	(89,10,13,120,10,10,10,21,22,21,'A'),
	(90,10,13,122,10,10,10,20,20,20,'A'),
	(91,10,14,122,9,7,8,20,20,20,'A'),
	(92,10,14,119,8,7,5,29,40,38,'A'),
	(93,10,14,121,8.8,9,7.6,15,15,15,'A'),
	(94,10,14,123,8,6,10,20,16,11,'A'),
	(95,10,14,120,10,10,8,21,22,21,'A'),
	(96,10,14,118,8,8.5,5,30,28,30,'A'),
	(97,10,15,122,5,6,7,20,20,20,'A'),
	(98,10,15,120,6,8,8,21,22,21,'A'),
	(99,10,15,123,4,7,7,19,16,11,'A'),
	(100,10,15,119,6,9,6,25,36,40,'A'),
	(101,10,15,118,5,8,7,24,22,30,'A'),
	(102,10,15,121,4,8,6,15,15,15,'A'),
	(103,10,16,121,8.8,10,10,15,15,15,'A'),
	(104,10,16,118,5,8.5,7,28,28,28,'A'),
	(105,10,16,119,5,8,0,27,34,38,'NA'),
	(106,10,16,120,10,10,10,21,22,21,'A'),
	(107,10,16,122,3,7,10,18,20,20,'A'),
	(108,10,16,123,5,7,10,19,16,12,'A'),
	(109,10,17,120,9,8,7,21,22,21,'A'),
	(110,10,17,123,1,7,9,19,16,9,'NA'),
	(111,10,17,122,6,6,7,20,16,20,'A'),
	(112,10,17,119,7,10,2,26,30,34,'A'),
	(113,10,17,121,7.3,8,9.3,15,15,15,'A'),
	(114,10,17,118,6.5,9,7,30,26,28,'A'),
	(115,10,18,118,4,6,5,22,24,24,'NP'),
	(116,10,18,121,6,6,1,15,15,15,'NA'),
	(117,10,18,123,8,4,3,19,15,11,'NA'),
	(118,10,18,119,3,5,0,23,34,34,'NA'),
	(119,10,18,120,9,5,5,21,22,21,'A'),
	(120,10,18,122,3,5,5,18,20,20,'NA'),
	(121,10,19,122,7,9,9,20,20,20,'A'),
	(122,10,19,118,10,10,10,30,28,30,'A'),
	(123,10,19,121,9.4,10,10,15,15,15,'A'),
	(124,10,19,119,8,10,9,29,38,36,'A'),
	(125,10,19,120,10,10,10,21,22,21,'A'),
	(126,10,19,123,10,9,9,20,16,10,'A'),
	(127,10,20,123,1,3,5,15,15,9,'NP'),
	(128,10,20,119,5,3,0,18,32,0,'NP'),
	(129,10,20,118,4,2,2,26,10,10,'NP'),
	(130,10,20,120,7,5,6,21,22,21,'A'),
	(131,10,20,121,7.6,1,1,15,15,1,'NP'),
	(132,10,20,122,3,3,0,20,10,2,'NP'),
	(133,10,21,123,8,7,8,19,16,10,'A'),
	(134,10,21,118,8.5,10,10,30,26,30,'A'),
	(135,10,21,121,5.4,10,10,15,15,15,'A'),
	(136,10,21,119,8,10,4,29,36,33,'A'),
	(137,10,21,122,6,8,8,20,20,20,'A'),
	(138,10,21,120,9,10,9,21,22,21,'A'),
	(139,10,22,119,10,10,7,30,40,38,'A'),
	(140,10,22,123,9,8,10,20,16,11,'A'),
	(141,10,22,122,9,7,9,20,20,20,'A'),
	(142,10,22,118,8,10,10,16,30,30,'A'),
	(143,10,22,121,6.8,8,9,15,15,15,'A'),
	(144,10,22,120,10,10,10,21,22,21,'A'),
	(145,10,23,122,7,5,6,20,20,20,'A'),
	(146,10,23,121,4.2,7,7,15,15,15,'A'),
	(147,10,23,123,5,7,9,17,16,10,'NP'),
	(148,10,23,118,4,7,4,29,28,26,'NA'),
	(149,10,23,120,8,10,5,21,22,21,'A'),
	(150,10,23,119,9,7,5,20,30,40,'A'),
	(151,10,24,122,5,3,8,20,10,10,'NP'),
	(152,10,24,123,6,7,7,17,15,9,'NP'),
	(153,10,24,118,8,10,4,30,22,24,'A'),
	(154,10,24,121,6.6,8,8,15,15,15,'A'),
	(155,10,24,119,4,4,0,15,36,21,'NP'),
	(156,10,24,120,8,5,5,21,22,21,'A'),
	(157,10,25,120,9,9,6,21,22,21,'A'),
	(158,10,25,121,8.1,8,9,15,15,15,'A'),
	(159,10,25,123,9,6,8,20,16,11,'A'),
	(160,10,25,119,8,5,6,26,34,38,'A'),
	(161,10,25,122,6,8,8,20,20,20,'A'),
	(162,10,25,118,8,9,8,30,26,30,'A'),
	(163,10,26,123,1,0,0,17,0,0,'NP'),
	(164,10,26,120,7,2,0,21,22,21,'NA'),
	(165,10,26,118,4,0,0,20,0,0,'NP'),
	(166,10,26,122,5,3,1,17,10,2,'NP'),
	(167,10,26,121,1.6,0,0,15,10,0,'NP'),
	(168,10,26,119,2,0,0,12,10,0,'NP'),
	(169,10,27,120,10,10,10,21,22,21,'A'),
	(170,10,27,118,10,9,8,30,30,30,'A'),
	(171,10,27,119,10,10,4,29,38,40,'A'),
	(172,10,27,123,7,8,9,20,16,11,'A'),
	(173,10,27,122,8,8,10,20,20,20,'A'),
	(174,10,27,121,8.2,10,10,15,15,15,'A'),
	(175,10,28,119,9,8,6,29,36,34,'A'),
	(176,10,28,120,9,10,9,21,22,21,'A'),
	(177,10,28,121,6.4,10,9,15,15,15,'A'),
	(178,10,28,123,7,6,6,20,16,11,'A'),
	(179,10,28,118,9,9,8,30,28,30,'A'),
	(180,10,28,122,8,6,8,20,20,20,'A'),
	(181,10,29,121,7,8,8.6,15,15,15,'A'),
	(182,10,29,119,9,10,2,29,40,41,'A'),
	(183,10,29,118,7,7,4,30,30,30,'A'),
	(184,10,29,120,7,8,5,21,22,21,'A'),
	(185,10,29,122,8,8,8,20,20,20,'A'),
	(186,10,29,123,7,7,10,20,16,12,'A'),
	(187,10,30,121,4.8,8,9,15,15,15,'A'),
	(188,10,30,123,7,7,8,20,16,12,'A'),
	(189,10,30,119,9,9,2,29,40,38,'A'),
	(190,10,30,120,7,9,6,21,22,21,'A'),
	(191,10,30,118,7,8.5,5,30,30,30,'A'),
	(192,10,30,122,7,7,7,20,20,20,'A'),
	(193,10,31,122,7,7,8,20,20,20,'A'),
	(194,10,31,119,9,9,3,25,37,38,'A'),
	(195,10,31,121,7,8,9,15,15,15,'A'),
	(196,10,31,120,9,9,6,21,22,21,'A'),
	(197,10,31,118,9,9.5,7,30,30,30,'A'),
	(198,10,31,123,6,6,9,19,16,11,'A'),
	(199,10,32,118,8,10,9,30,28,30,'A'),
	(200,10,32,119,9,10,9,29,40,38,'A'),
	(201,10,32,123,9,9,10,20,16,10,'A'),
	(202,10,32,121,10,10,9,15,15,15,'A'),
	(203,10,32,122,10,8,10,20,20,20,'A'),
	(204,10,32,120,10,10,9,21,22,21,'A'),
	(205,10,33,119,8,9,5,18,33,41,'A'),
	(206,10,33,121,5,5,8,15,15,15,'A'),
	(207,10,33,123,4,7,9,17,15,19,'A'),
	(208,10,33,118,8.5,7,10,28,24,28,'A'),
	(209,10,33,120,7,8,5,21,22,21,'A'),
	(210,10,33,122,8,7,7,20,16,20,'A'),
	(211,10,34,120,5,5,5,21,22,21,'NA'),
	(212,10,34,122,3,6,5,20,16,16,'NA'),
	(213,10,34,119,1,7,0,22,33,25,'NP'),
	(214,10,34,121,8,6,7.5,15,15,15,'A'),
	(215,10,34,123,1,6,2,14,13,4,'NP'),
	(216,10,34,118,3,7,3,30,22,10,'NP'),
	(217,10,35,123,0,0,0,0,0,0,'NP'),
	(218,10,35,121,0,0,0,10,0,0,'NP'),
	(219,10,35,119,1,0,0,8,8,0,'NP'),
	(220,10,35,120,5,5,5,21,22,21,'NA'),
	(221,10,35,118,1,1,1,2,2,2,'NP'),
	(222,10,35,122,3,3,0,16,10,2,'NP'),
	(223,10,36,121,8.8,9,4,15,15,15,'A'),
	(224,10,36,119,8,9,2,29,31,36,'A'),
	(225,10,36,120,9,10,8,21,22,21,'A'),
	(226,10,36,123,5,7,10,19,16,12,'A'),
	(227,10,36,118,8,8.5,4,30,30,30,'A'),
	(228,10,36,122,6,8,9,20,20,20,'A'),
	(229,10,37,119,10,10,7,30,37,41,'A'),
	(230,10,37,122,10,9,10,20,20,20,'A'),
	(231,10,37,123,9,9,10,20,16,11,'A'),
	(232,10,37,121,8.8,10,10,15,15,15,'A'),
	(233,10,37,118,10,9,9,30,28,30,'A'),
	(234,10,37,120,10,10,10,21,22,21,'A'),
	(235,10,39,121,8.8,2,1,15,15,15,'NA'),
	(236,10,39,118,6,6,6,25,15,20,'NP'),
	(237,10,39,122,7,6,4,20,16,15,'NA'),
	(238,10,39,120,5,5,5,21,22,21,'NA'),
	(239,10,39,119,1,7,0,20,30,16,'NP'),
	(240,10,39,123,2,3,0,18,13,0,'NP'),
	(241,10,40,119,3,5,0,12,38,41,'NA'),
	(242,10,40,122,5,7,8,20,20,20,'A'),
	(243,10,40,120,7,5,5,21,22,21,'NA'),
	(244,10,40,123,1,6,10,19,14,6,'NP'),
	(245,10,40,118,6,5,7,22,24,26,'A'),
	(246,10,40,121,4,5,6,15,15,15,'NA'),
	(247,10,42,122,7,7,10,20,20,20,'A'),
	(248,10,42,123,5,8,10,19,16,11,'A'),
	(249,10,42,120,6,8,9,21,22,21,'A'),
	(250,10,42,118,6,9.5,10,28,28,30,'A'),
	(251,10,42,121,7.8,8,8,15,15,15,'A'),
	(252,10,42,119,10,10,7,27,34,33,'A'),
	(253,10,43,123,8,6,7,20,16,11,'A'),
	(254,10,43,118,9,9.5,6,30,26,30,'A'),
	(255,10,43,120,10,5,10,21,22,21,'A'),
	(256,10,43,121,7,8,9,15,15,15,'A'),
	(257,10,43,119,8,6,4,30,33,33,'A'),
	(258,10,43,122,10,9,7,20,20,18,'A'),
	(259,4,1,4,8,9,7,20,22,14,'A'),
	(260,4,1,6,8,9,6,16,16,16,'A'),
	(261,4,1,1,9,8,7,16,17,12,'A'),
	(262,4,1,5,9,9,10,18,22,20,'A'),
	(263,4,1,2,8,10,8,15,15,15,'A'),
	(264,4,1,3,7.5,8,8,18,24,19,'A'),
	(265,4,2,2,9,10,9,15,15,14,'A'),
	(266,4,2,4,9,7,9,20,22,14,'A'),
	(267,4,2,6,8,7,8,15,15,16,'A'),
	(268,4,2,1,6,7,7,14,17,12,'A'),
	(269,4,2,5,10,9,8,18,22,18,'A'),
	(270,4,2,3,8.5,9,10,18,24,19,'A'),
	(271,4,3,5,9,9,10,18,22,20,'A'),
	(272,4,3,4,10,9,9,20,22,14,'A'),
	(273,4,3,3,8.5,10,10,18,24,19,'A'),
	(274,4,3,6,8,9,9,16,16,16,'A'),
	(275,4,3,1,7,8,6,16,17,10,'A'),
	(276,4,3,2,10,9,10,15,15,14,'A'),
	(277,4,4,6,9,9,9,16,16,16,'A'),
	(278,4,4,1,7,7,6,16,17,12,'A'),
	(279,4,4,5,9,9,10,18,22,20,'A'),
	(280,4,4,2,10,9,9,15,15,15,'A'),
	(281,4,4,3,8.5,10,10,18,24,19,'A'),
	(282,4,4,4,9,7,10,20,22,14,'A'),
	(283,4,5,2,10,9,9,15,15,15,'A'),
	(284,4,5,4,9,9,9,20,22,14,'A'),
	(285,4,5,1,9,9,8,15,16,10,'A'),
	(286,4,5,5,9,9,9,18,22,19,'A'),
	(287,4,5,6,9,10,9,16,16,16,'A'),
	(288,4,5,3,9,10,10,18,24,19,'A'),
	(289,4,6,2,6,10,9,15,15,15,'A'),
	(290,4,6,6,10,10,9,16,16,16,'A'),
	(291,4,6,3,8,9,9,18,24,18,'A'),
	(292,4,6,4,7,8,9,20,22,14,'A'),
	(293,4,6,5,8,6,8,18,22,20,'A'),
	(294,4,6,1,9,6,6,16,16,12,'A'),
	(295,6,7,4,6,5,6,18,22,14,'NA'),
	(296,6,7,3,9,7,10,18,22,17,'A'),
	(297,6,7,2,10,10,10,15,15,15,'A'),
	(298,6,7,5,7,9,10,18,21,20,'A'),
	(299,6,7,6,9,9,9,15,15,16,'A'),
	(300,6,7,1,8,7,6,17,14,10,'A'),
	(301,6,8,5,7,3,6,19,22,20,'NA'),
	(302,6,8,2,6,5,7,14,14,15,'A'),
	(303,6,8,1,7,2,2,14,8,13,'NP'),
	(304,6,8,4,6,5,1,18,22,14,'NA'),
	(305,6,8,6,4,4,10,14,14,15,'A'),
	(306,6,8,3,7,5,6,16,22,17,'A'),
	(307,6,9,1,9,9,8,17,16,14,'A'),
	(308,6,9,2,10,9,10,15,15,15,'A'),
	(309,6,9,3,9,10,10,18,24,19,'A'),
	(310,6,9,6,9,10,9,16,16,16,'A'),
	(311,6,9,5,8,9,10,19,22,20,'A'),
	(312,6,9,4,9,9,7,18,22,14,'A'),
	(313,6,10,4,6,5,6,18,22,14,'NA'),
	(314,6,10,3,7.2,5,6,16,22,17,'A'),
	(315,6,10,6,8,6,8,14,14,16,'A'),
	(316,6,10,5,9,7,10,20,17,20,'A'),
	(317,6,10,1,5,4,6,15,13,11,'NA'),
	(318,6,10,2,6,7,7,13,14,15,'A'),
	(319,6,11,3,8,10,7,18,23,17,'A'),
	(320,6,11,2,10,7,7,14,15,15,'A'),
	(321,6,11,4,8,8,6,18,22,14,'A'),
	(322,6,11,1,7,7,7,16,14,15,'A'),
	(323,6,11,5,9,8,10,20,20,20,'A'),
	(324,6,11,6,8,8,8,16,16,16,'A'),
	(325,6,12,1,8,8,6,17,16,14,'A'),
	(326,6,12,4,9,7,6,18,22,14,'A'),
	(327,6,12,6,5,8,8,15,15,16,'A'),
	(328,6,12,2,10,9,8,15,15,14,'A'),
	(329,6,12,5,9,9,10,19,21,20,'A'),
	(330,6,12,3,9,8,8,18,24,19,'A'),
	(331,6,13,3,9.5,10,10,18,24,19,'A'),
	(332,6,13,5,9,10,10,20,22,20,'A'),
	(333,6,13,4,10,10,10,18,22,14,'A'),
	(334,6,13,1,10,10,10,17,16,15,'A'),
	(335,6,13,6,7,9,9,16,16,16,'A'),
	(336,6,13,2,10,9,9,15,15,15,'A'),
	(337,6,14,3,7.5,9,10,18,24,18,'A'),
	(338,6,14,4,9,9,6,18,22,14,'A'),
	(339,6,14,2,10,9,10,14,15,15,'A'),
	(340,6,14,6,8,9,9,16,16,16,'A'),
	(341,6,14,5,9,9,10,20,22,20,'A'),
	(342,6,14,1,5,8,7,17,16,15,'A'),
	(343,7,15,3,6,7,6,18,24,18,'A'),
	(344,7,15,4,8,7,8,18,24,20,'A'),
	(345,7,15,6,6,9,6,14,14,15,'A'),
	(346,7,15,1,10,5,7,21,22,22,'A'),
	(347,7,15,2,8,10,9,15,14,15,'A'),
	(348,7,15,5,8,7,8,19,21,20,'A'),
	(349,7,16,3,9,5,1,18,22,17,'NA'),
	(350,7,16,2,10,10,10,15,15,15,'A'),
	(351,7,16,6,9,8,7,16,15,16,'A'),
	(352,7,16,4,5,7,10,18,24,20,'A'),
	(353,7,16,1,10,10,10,21,22,22,'A'),
	(354,7,16,5,7,6,8,18,20,20,'A'),
	(355,7,17,1,10,10,10,21,22,22,'A'),
	(356,7,17,2,6,7,7,15,13,15,'A'),
	(357,7,17,6,7,7,8,14,14,15,'A'),
	(358,7,17,3,9,7,7,18,22,19,'A'),
	(359,7,17,5,7,7,8,18,20,20,'A'),
	(360,7,17,4,8,6,8,18,24,20,'A'),
	(361,7,18,5,7,4,5,17,21,20,'NA'),
	(362,7,18,6,4,4,5,14,14,15,'NA'),
	(363,7,18,1,8,5,5,21,22,22,'A'),
	(364,7,18,4,6,5,6,18,24,20,'NA'),
	(365,7,18,2,7,5,6,14,14,15,'A'),
	(366,7,18,3,7,5,1,18,22,17,'NA'),
	(367,8,40,1,5,5,5,21,22,22,'NA'),
	(368,8,40,5,10,6,3,20,20,19,'A'),
	(369,8,40,4,6,6,6,20,20,20,'A'),
	(370,8,40,6,5,4,8,14,14,16,'NA'),
	(371,8,40,3,7,9,5,20,20,20,'A'),
	(372,8,40,2,10,10,9,15,15,15,'A'),
	(373,2,19,1,10,10,10,21,22,22,'A'),
	(374,2,19,6,9,9,8,16,16,16,'A'),
	(375,2,19,2,10,10,9,16,21,12,'A'),
	(376,2,19,5,9,9,9,20,20,20,'A'),
	(377,2,19,3,10,8,9,24,24,23,'A'),
	(378,2,19,4,10,10,10,20,20,20,'A'),
	(379,2,20,2,7,1,1,13,15,5,'NP'),
	(380,2,20,5,5,3,3,16,18,19,'NA'),
	(381,2,20,3,7,3,4,21,20,18,'NA'),
	(382,2,20,1,10,5,5,21,22,22,'A'),
	(383,2,20,6,5,5,5,5,5,5,'NP'),
	(384,2,20,4,5,10,7,20,20,20,'A'),
	(385,2,21,4,10,10,10,20,20,20,'A'),
	(386,2,21,3,8,8,9,24,24,23,'A'),
	(387,2,21,2,9,6,6,16,21,12,'A'),
	(388,2,21,6,8,9,7,16,16,15,'A'),
	(389,2,21,5,9,9,9,20,20,20,'A'),
	(390,2,21,1,10,6,9,21,22,22,'A'),
	(391,2,22,5,8,10,10,19,20,20,'A'),
	(392,2,22,4,10,10,10,20,20,20,'A'),
	(393,2,22,1,9,10,10,21,22,22,'A'),
	(394,2,22,6,10,10,8,16,16,16,'A'),
	(395,2,22,2,9,8,7,17,21,12,'A'),
	(396,2,22,3,8,7,9,23,24,24,'A'),
	(397,2,23,6,7,7,7,16,15,15,'A'),
	(398,2,23,1,6,7,6,21,22,22,'A'),
	(399,2,23,5,6,3,5,19,19,19,'NA'),
	(400,2,23,3,8,3,5,22,23,23,'NA'),
	(401,2,23,4,5,10,7,20,20,20,'A'),
	(402,2,23,2,7,5,6,16,19,11,'A'),
	(403,2,24,5,8,7,3,20,19,19,'A'),
	(404,2,24,1,9,6,5,21,22,22,'A'),
	(405,2,24,6,7,9,9,16,15,16,'A'),
	(406,2,24,2,10,6,8,17,19,11,'A'),
	(407,2,24,4,5,10,7,20,20,20,'A'),
	(408,2,24,3,8,7,3,24,22,23,'A'),
	(409,2,25,5,9,7,9,20,20,15,'A'),
	(410,2,25,1,10,5,10,21,22,22,'A'),
	(411,2,25,4,5,10,10,20,20,20,'A'),
	(412,2,25,3,8,7,6,23,23,24,'A'),
	(413,2,25,2,10,7,8,16,19,11,'A'),
	(414,2,25,6,7,8,8,16,16,16,'A'),
	(415,2,26,3,7,3,5,23,23,20,'NA'),
	(416,2,26,1,6,5,7,21,22,22,'A'),
	(417,2,26,6,4,6,9,14,14,14,'A'),
	(418,2,26,4,8,10,1,20,20,20,'A'),
	(419,2,26,5,6,4,8,19,19,19,'A'),
	(420,2,26,2,5,4,4,16,16,10,'NA'),
	(421,2,27,2,10,8,5,16,21,12,'A'),
	(422,2,27,1,10,7,10,21,22,22,'A'),
	(423,2,27,6,7,9,6,16,16,15,'A'),
	(424,2,27,5,9,10,10,20,20,20,'A'),
	(425,2,27,3,7,9,9,24,24,24,'A'),
	(426,2,27,4,10,10,7,20,20,20,'A'),
	(427,2,39,2,9,7,7,14,16,10,'A'),
	(428,2,39,4,10,10,10,20,20,20,'A'),
	(429,2,39,3,7,5,5,22,20,21,'NA'),
	(430,2,39,1,5,5,10,21,22,22,'A'),
	(431,2,39,5,8,6,7,19,19,19,'A'),
	(432,2,39,6,5,6,8,14,14,14,'A'),
	(433,3,28,3,6,9,4,22,24,24,'A'),
	(434,3,28,2,10,6,7,17,18,12,'A'),
	(435,3,28,5,7,10,8,20,20,20,'A'),
	(436,3,28,6,8,5,9,14,8,14,'A'),
	(437,3,28,1,8,9,7,19,21,20,'A'),
	(438,3,28,4,5,10,6,20,20,20,'A'),
	(439,3,29,3,6,7,5,24,24,24,'A'),
	(440,3,29,2,8,5,5,18,18,12,'A'),
	(441,3,29,6,9,5,4,15,9,14,'A'),
	(442,3,29,1,4,4,4,20,21,20,'NA'),
	(443,3,29,4,8,8,8,20,20,19,'A'),
	(444,3,29,5,8,9,8,19,20,20,'A'),
	(445,3,30,3,6,7,5,24,24,24,'A'),
	(446,3,30,2,8,5,5,18,18,12,'A'),
	(447,3,30,1,4,2,4,20,20,20,'NA'),
	(448,3,30,5,7,9,8,19,20,20,'A'),
	(449,3,30,6,8,5,6,15,9,14,'A'),
	(450,3,30,4,5,9,7,20,20,19,'A'),
	(451,3,31,6,9,9,7,15,9,12,'A'),
	(452,3,31,3,9,9,5,24,24,24,'A'),
	(453,3,31,4,10,10,9,19,20,19,'A'),
	(454,3,31,5,9,9,8,20,20,20,'A'),
	(455,3,31,1,6,8,4,20,21,20,'A'),
	(456,3,31,2,10,7,7,18,18,12,'A'),
	(457,3,32,4,6,10,9,18,20,19,'A'),
	(458,3,32,6,9,8,9,15,9,14,'A'),
	(459,3,32,3,8,8,6,24,24,24,'A'),
	(460,3,32,1,4,9,6,19,21,20,'A'),
	(461,3,32,2,10,10,10,17,18,12,'A'),
	(462,3,32,5,8,10,10,19,19,19,'A'),
	(463,3,33,5,8,8,8,20,20,19,'A'),
	(464,3,33,1,4,4,4,18,21,19,'NA'),
	(465,3,33,4,8,5,6,17,17,19,'A'),
	(466,3,33,2,9,5,7,16,17,12,'A'),
	(467,3,33,6,8,6,4,14,9,11,'A'),
	(468,3,33,3,7,8,7,24,23,23,'A'),
	(469,3,34,6,6,3,6,15,6,12,'NA'),
	(470,3,34,5,3,1,3,19,15,16,'NA'),
	(471,3,34,2,7,6,6,14,18,12,'A'),
	(472,3,34,3,6,3,5,23,20,21,'NA'),
	(473,3,34,1,2,1,1,19,21,16,'NA'),
	(474,3,34,4,4,5,4,19,17,19,'NA'),
	(475,3,35,3,6,3,4,22,22,23,'NA'),
	(476,3,35,5,7,5,7,19,19,17,'A'),
	(477,3,35,4,6,5,4,17,18,16,'NA'),
	(478,3,35,1,8,10,4,20,21,18,'A'),
	(479,3,35,2,3,4,5,16,18,12,'NA'),
	(480,3,35,6,6,3,2,15,8,9,'NA'),
	(481,3,37,3,7,9,10,20,23,24,'A'),
	(482,3,37,5,9,10,10,20,20,20,'A'),
	(483,3,37,4,6,10,8,18,20,20,'A'),
	(484,3,37,6,8,8,9,15,9,14,'A'),
	(485,3,37,2,9,8,10,18,18,10,'A'),
	(486,3,37,1,8,10,7,20,21,20,'A'),
	(487,3,38,4,8,4,4,20,19,19,'NA'),
	(488,3,38,6,8,5,5,15,9,12,'A'),
	(489,3,38,5,4,5,9,19,19,18,'A'),
	(490,3,38,3,7,7,4,23,23,21,'A'),
	(491,3,38,2,8,7,6,17,18,12,'A'),
	(492,3,38,1,3,9,6,20,21,19,'A'),
	(493,5,36,6,8,10,9,15,9,12,'A'),
	(494,5,36,5,8,7,5,20,20,20,'A'),
	(495,5,36,4,8,9,9,12,15,10,'A'),
	(496,5,36,1,4,8,6,20,21,19,'A'),
	(497,5,36,2,8,10,9,15,15,15,'A'),
	(498,5,36,3,8,6,8,23,24,22,'A'),
	(499,1,40,1,5,5,NULL,22,21,NULL,'NA'),
	(500,1,40,6,3,10,NULL,14,13,NULL,'NA'),
	(501,11,1,124,9,10,NULL,18,18,NULL,'A'),
	(502,11,1,129,8,9,NULL,15,15,NULL,'A'),
	(503,11,1,125,9,9,NULL,70,70,NULL,'A'),
	(504,11,1,126,6,9,NULL,20,20,NULL,'A'),
	(505,11,1,128,10,10,NULL,16,16,NULL,'A'),
	(506,11,1,127,10,10,NULL,18,18,NULL,'A'),
	(507,11,2,128,9,10,NULL,13,16,NULL,'A'),
	(508,11,2,127,6,10,NULL,15,17,NULL,'A'),
	(509,11,2,129,8,8,NULL,14,15,NULL,'A'),
	(510,11,2,126,6,5,NULL,18,20,NULL,'A'),
	(511,11,2,124,9,10,NULL,18,18,NULL,'A'),
	(512,11,2,125,2,8,NULL,70,62,NULL,'NA'),
	(513,11,3,126,8,10,NULL,20,20,NULL,'A'),
	(514,11,3,129,10,9,NULL,15,15,NULL,'A'),
	(515,11,3,124,8,10,NULL,18,18,NULL,'A'),
	(516,11,3,128,10,10,NULL,15,16,NULL,'A'),
	(517,11,3,127,10,10,NULL,18,18,NULL,'A'),
	(518,11,3,125,8.3,10,NULL,70,70,NULL,'A'),
	(519,11,4,126,7,8,NULL,20,20,NULL,'A'),
	(520,11,4,124,8,10,NULL,18,18,NULL,'A'),
	(521,11,4,125,9,10,NULL,70,70,NULL,'A'),
	(522,11,4,128,10,10,NULL,16,16,NULL,'A'),
	(523,11,4,127,10,10,NULL,18,17,NULL,'A'),
	(524,11,4,129,10,8,NULL,15,15,NULL,'A'),
	(525,11,5,124,9,10,NULL,18,18,NULL,'A'),
	(526,11,5,128,9,10,NULL,14,15,NULL,'A'),
	(527,11,5,125,6,8.5,NULL,70,70,NULL,'A'),
	(528,11,5,127,10,10,NULL,18,18,NULL,'A'),
	(529,11,5,126,6,5,NULL,20,17,NULL,'A'),
	(530,11,5,129,7,8,NULL,13,15,NULL,'A'),
	(531,11,6,129,8,8,NULL,14,18,NULL,'A'),
	(532,11,6,127,10,10,NULL,18,18,NULL,'A'),
	(533,11,6,124,10,10,NULL,18,18,NULL,'A'),
	(534,11,6,128,9,10,NULL,16,16,NULL,'A'),
	(535,11,6,126,6,6,NULL,20,20,NULL,'A'),
	(536,11,6,125,8,7,NULL,70,70,NULL,'A'),
	(537,11,7,128,9,9,NULL,14,15,NULL,'A'),
	(538,11,7,124,5,10,NULL,18,18,NULL,'NA'),
	(539,11,7,126,10,7,NULL,19,19,NULL,'A'),
	(540,11,7,125,7.2,8.5,NULL,67,70,NULL,'A'),
	(541,11,7,129,10,10,NULL,13,15,NULL,'A'),
	(542,11,7,127,10,10,NULL,17,18,NULL,'A'),
	(543,11,9,128,10,10,NULL,16,16,NULL,'A'),
	(544,11,9,126,10,9,NULL,20,20,NULL,'A'),
	(545,11,9,125,8,9.5,NULL,70,70,NULL,'A'),
	(546,11,9,127,10,10,NULL,18,18,NULL,'A'),
	(547,11,9,124,10,10,NULL,18,18,NULL,'A'),
	(548,11,9,129,10,10,NULL,15,15,NULL,'A'),
	(549,11,10,129,9,9,NULL,10,14,NULL,'A'),
	(550,11,10,126,8,5,NULL,18,20,NULL,'A'),
	(551,11,10,128,8,7,NULL,15,14,NULL,'A'),
	(552,11,10,124,10,10,NULL,18,18,NULL,'A'),
	(553,11,10,125,7.1,7.5,NULL,70,67,NULL,'A'),
	(554,11,10,127,5,9,NULL,16,15,NULL,'NA'),
	(555,11,11,126,10,10,NULL,16,20,NULL,'A'),
	(556,11,11,128,8,9,NULL,14,15,NULL,'A'),
	(557,11,11,127,10,10,NULL,18,18,NULL,'A'),
	(558,11,11,129,9.5,9,NULL,14,14,NULL,'A'),
	(559,11,11,124,8,10,NULL,18,18,NULL,'A'),
	(560,11,11,125,8.1,4,NULL,70,67,NULL,'A'),
	(561,11,12,125,8,7,NULL,70,70,NULL,'A'),
	(562,11,12,126,7,8,NULL,14,20,NULL,'A'),
	(563,11,12,128,9,8,NULL,15,14,NULL,'A'),
	(564,11,12,124,8,10,NULL,18,18,NULL,'A'),
	(565,11,12,129,9,10,NULL,13,14,NULL,'A'),
	(566,11,12,127,9,8,NULL,16,16,NULL,'A'),
	(567,11,13,124,10,10,NULL,18,18,NULL,'A'),
	(568,11,13,128,10,10,NULL,16,16,NULL,'A'),
	(569,11,13,129,10,10,NULL,15,15,NULL,'A'),
	(570,11,13,125,9,10,NULL,70,70,NULL,'A'),
	(571,11,13,126,10,10,NULL,18,20,NULL,'A'),
	(572,11,13,127,10,10,NULL,18,18,NULL,'A'),
	(573,11,14,125,8,8,NULL,70,67,NULL,'A'),
	(574,11,14,129,7,8.5,NULL,15,15,NULL,'A'),
	(575,11,14,126,10,6,NULL,20,20,NULL,'A'),
	(576,11,14,127,8,10,NULL,18,17,NULL,'A'),
	(577,11,14,128,9,9,NULL,16,16,NULL,'A'),
	(578,11,14,124,8,10,NULL,18,18,NULL,'A'),
	(579,11,15,124,10,10,NULL,18,18,NULL,'A'),
	(580,11,15,128,8,9,NULL,16,16,NULL,'A'),
	(581,11,15,129,6,7,NULL,13,14,NULL,'A'),
	(582,11,15,127,6,10,NULL,17,18,NULL,'A'),
	(583,11,15,125,7,9,NULL,70,70,NULL,'A'),
	(584,11,15,126,7,5,NULL,20,18,NULL,'A'),
	(585,11,16,129,10,10,NULL,13,14,NULL,'A'),
	(586,11,16,125,9,8,NULL,70,70,NULL,'A'),
	(587,11,16,128,10,10,NULL,15,16,NULL,'A'),
	(588,11,16,126,10,10,NULL,20,20,NULL,'A'),
	(589,11,16,127,7,9,NULL,17,18,NULL,'A'),
	(590,11,16,124,5,10,NULL,18,18,NULL,'NA'),
	(591,11,17,124,7,10,NULL,18,18,NULL,'A'),
	(592,11,17,128,9,9,NULL,15,15,NULL,'A'),
	(593,11,17,127,5,9,NULL,14,18,NULL,'NA'),
	(594,11,17,129,7,9,NULL,11,14,NULL,'A'),
	(595,11,17,125,4.3,7.5,NULL,70,62,NULL,'NA'),
	(596,11,17,126,6,5,NULL,14,19,NULL,'A'),
	(597,11,18,128,7,6,NULL,13,13,NULL,'A'),
	(598,11,18,127,7,8,NULL,17,16,NULL,'A'),
	(599,11,18,125,2,5,NULL,70,67,NULL,'NA'),
	(600,11,18,124,4,10,NULL,18,18,NULL,'NA'),
	(601,11,18,126,6,5,NULL,19,17,NULL,'A'),
	(602,11,18,129,6.5,6,NULL,12,12,NULL,'A'),
	(603,11,19,129,10,10,NULL,15,15,NULL,'A'),
	(604,11,19,125,8,10,NULL,70,70,NULL,'A'),
	(605,11,19,127,10,10,NULL,18,18,NULL,'A'),
	(606,11,19,124,10,10,NULL,18,18,NULL,'A'),
	(607,11,19,126,9,10,NULL,20,20,NULL,'A'),
	(608,11,19,128,10,10,NULL,16,16,NULL,'A'),
	(609,11,21,128,10,10,NULL,16,14,NULL,'A'),
	(610,11,21,126,7,7,NULL,20,20,NULL,'A'),
	(611,11,21,124,10,10,NULL,18,18,NULL,'A'),
	(612,11,21,129,8,9,NULL,15,15,NULL,'A'),
	(613,11,21,125,9,10,NULL,70,70,NULL,'A'),
	(614,11,21,127,10,10,NULL,17,18,NULL,'A'),
	(615,11,22,127,10,10,NULL,18,16,NULL,'A'),
	(616,11,22,125,8,7.5,NULL,70,70,NULL,'A'),
	(617,11,22,128,10,10,NULL,16,16,NULL,'A'),
	(618,11,22,126,10,10,NULL,20,20,NULL,'A'),
	(619,11,22,129,9,10,NULL,15,15,NULL,'A'),
	(620,11,22,124,10,10,NULL,18,18,NULL,'A'),
	(621,11,23,126,7,5,NULL,18,20,NULL,'A'),
	(622,11,23,125,6.3,7,NULL,70,67,NULL,'A'),
	(623,11,23,127,8,9,NULL,18,18,NULL,'A'),
	(624,11,23,128,10,10,NULL,16,16,NULL,'A'),
	(625,11,23,129,10,9,NULL,15,14,NULL,'A'),
	(626,11,23,124,10,10,NULL,18,18,NULL,'A'),
	(627,11,24,128,8,7,NULL,12,13,NULL,'A'),
	(628,11,24,126,6,5,NULL,14,18,NULL,'A'),
	(629,11,24,124,7,10,NULL,18,18,NULL,'A'),
	(630,11,24,125,2.3,2,NULL,67,50,NULL,'NA'),
	(631,11,24,129,8,7,NULL,9,12,NULL,'A'),
	(632,11,24,127,8,9,NULL,14,16,NULL,'A'),
	(633,11,25,127,7,9,NULL,17,16,NULL,'A'),
	(634,11,25,126,10,5,NULL,20,19,NULL,'A'),
	(635,11,25,128,8,8,NULL,14,14,NULL,'A'),
	(636,11,25,124,8,10,NULL,18,18,NULL,'A'),
	(637,11,25,125,8,7,NULL,70,67,NULL,'A'),
	(638,11,25,129,8,9,NULL,12,14,NULL,'A'),
	(639,11,27,128,10,9,NULL,16,15,NULL,'A'),
	(640,11,27,126,6,5,NULL,20,17,NULL,'A'),
	(641,11,27,127,10,10,NULL,18,18,NULL,'A'),
	(642,11,27,125,9,9,NULL,70,70,NULL,'A'),
	(643,11,27,124,9,10,NULL,18,18,NULL,'A'),
	(644,11,27,129,10,8,NULL,15,15,NULL,'A'),
	(645,11,28,124,8,10,NULL,18,18,NULL,'A'),
	(646,11,28,127,9,10,NULL,18,17,NULL,'A'),
	(647,11,28,128,10,10,NULL,16,16,NULL,'A'),
	(648,11,28,125,8.3,8,NULL,70,70,NULL,'A'),
	(649,11,28,126,8,5,NULL,20,20,NULL,'A'),
	(650,11,28,129,10,9,NULL,15,15,NULL,'A'),
	(651,11,29,124,8,10,NULL,18,18,NULL,'A'),
	(652,11,29,127,8,10,NULL,18,18,NULL,'A'),
	(653,11,29,128,10,10,NULL,16,16,NULL,'A'),
	(654,11,29,129,7,6,NULL,14,15,NULL,'A'),
	(655,11,29,126,6,5,NULL,20,20,NULL,'A'),
	(656,11,29,125,7.4,7,NULL,70,70,NULL,'A'),
	(657,11,30,125,7.1,7,NULL,70,70,NULL,'A'),
	(658,11,30,126,7,5,NULL,20,20,NULL,'A'),
	(659,11,30,127,9,10,NULL,18,18,NULL,'A'),
	(660,11,30,129,8,6,NULL,15,15,NULL,'A'),
	(661,11,30,128,10,10,NULL,16,16,NULL,'A'),
	(662,11,30,124,8,10,NULL,18,18,NULL,'A'),
	(663,11,31,128,8,9,NULL,15,15,NULL,'A'),
	(664,11,31,124,7,10,NULL,18,18,NULL,'A'),
	(665,11,31,127,10,10,NULL,18,17,NULL,'A'),
	(666,11,31,129,8,7,NULL,15,14,NULL,'A'),
	(667,11,31,125,8.4,6.5,NULL,70,70,NULL,'A'),
	(668,11,31,126,7,6,NULL,20,20,NULL,'A'),
	(669,11,32,128,10,10,NULL,16,16,NULL,'A'),
	(670,11,32,125,8,10,NULL,70,70,NULL,'A'),
	(671,11,32,126,8,8,NULL,20,20,NULL,'A'),
	(672,11,32,124,10,10,NULL,18,18,NULL,'A'),
	(673,11,32,129,10,10,NULL,15,15,NULL,'A'),
	(674,11,32,127,10,10,NULL,18,18,NULL,'A'),
	(675,11,33,125,6.1,6.5,NULL,64,62,NULL,'A'),
	(676,11,33,126,6,5,NULL,16,18,NULL,'A'),
	(677,11,33,128,8,8,NULL,13,13,NULL,'A'),
	(678,11,33,124,9,10,NULL,18,18,NULL,'A'),
	(679,11,33,127,7,8,NULL,17,14,NULL,'A'),
	(680,11,33,129,7,8,NULL,13,15,NULL,'A'),
	(681,11,36,124,9,10,NULL,18,18,NULL,'A'),
	(682,11,36,128,10,8,NULL,16,15,NULL,'A'),
	(683,11,36,126,10,6,NULL,19,17,NULL,'A'),
	(684,11,36,129,8.5,7.5,NULL,15,15,NULL,'A'),
	(685,11,36,127,5,10,NULL,17,17,NULL,'NA'),
	(686,11,36,125,8,6.5,NULL,70,67,NULL,'A'),
	(687,11,37,127,10,10,NULL,18,18,NULL,'A'),
	(688,11,37,126,10,7,NULL,20,20,NULL,'A'),
	(689,11,37,129,10,10,NULL,15,15,NULL,'A'),
	(690,11,37,124,9,10,NULL,18,18,NULL,'A'),
	(691,11,37,128,10,10,NULL,16,16,NULL,'A'),
	(692,11,37,125,9,9.5,NULL,70,70,NULL,'A'),
	(693,11,38,126,6,7,NULL,19,13,NULL,'A'),
	(694,11,38,125,5,6,NULL,70,62,NULL,'NA'),
	(695,11,38,127,5,8,NULL,17,12,NULL,'NA'),
	(696,11,38,128,8,7,NULL,14,14,NULL,'A'),
	(697,11,38,124,5,10,NULL,18,18,NULL,'NA'),
	(698,11,38,129,7,6,NULL,12,11,NULL,'A'),
	(699,11,40,128,9,8,NULL,14,13,NULL,'A'),
	(700,11,40,127,6,10,NULL,16,16,NULL,'A'),
	(701,11,40,129,8,8,NULL,15,14,NULL,'A'),
	(702,11,40,124,9,10,NULL,18,18,NULL,'A'),
	(703,11,40,125,4.3,7,NULL,70,64,NULL,'NA'),
	(704,11,40,126,6,5,NULL,18,16,NULL,'A'),
	(705,11,41,127,10,10,NULL,18,17,NULL,'A'),
	(706,11,41,125,8,5,NULL,70,70,NULL,'A'),
	(707,11,41,128,10,10,NULL,16,16,NULL,'A'),
	(708,11,41,129,9,7,NULL,14,15,NULL,'A'),
	(709,11,41,124,8,10,NULL,18,18,NULL,'A'),
	(710,11,41,126,7,5,NULL,19,20,NULL,'A'),
	(711,11,42,124,8,10,NULL,18,18,NULL,'A'),
	(712,11,42,126,10,10,NULL,18,20,NULL,'A'),
	(713,11,42,125,8,8,NULL,70,67,NULL,'A'),
	(714,11,42,128,8,7,NULL,15,14,NULL,'A'),
	(715,11,42,129,8,8,NULL,13,12,NULL,'A'),
	(716,11,42,127,6,8,NULL,16,15,NULL,'A'),
	(717,11,43,127,9,8,NULL,16,16,NULL,'A'),
	(718,11,43,124,5,10,NULL,18,18,NULL,'NA'),
	(719,11,43,129,6,9,NULL,13,12,NULL,'A'),
	(720,11,43,126,6,5,NULL,16,17,NULL,'A'),
	(721,11,43,128,8,7,NULL,14,14,NULL,'A'),
	(722,11,43,125,2.3,5,NULL,67,67,NULL,'NA');

/*!40000 ALTER TABLE `calificaciones` ENABLE KEYS */;
UNLOCK TABLES;


# Volcado de tabla carreras
# ------------------------------------------------------------

DROP TABLE IF EXISTS `carreras`;

CREATE TABLE `carreras` (
  `id` int(10) unsigned NOT NULL AUTO_INCREMENT,
  `nombre` varchar(200) NOT NULL,
  `nombre_2c` char(2) NOT NULL,
  PRIMARY KEY (`id`)
) ENGINE=InnoDB DEFAULT CHARSET=utf8mb4;

LOCK TABLES `carreras` WRITE;
/*!40000 ALTER TABLE `carreras` DISABLE KEYS */;

INSERT INTO `carreras` (`id`, `nombre`, `nombre_2c`)
VALUES
	(1,'ELECTRÓNICA','EL'),
	(2,'CONTABILIDAD','CT'),
	(3,'MANTENIMIENTO AUTOMOTRIZ','MT'),
	(4,'PROGRAMACIÓN','PR'),
	(5,'SOPORTE Y MANTENIMIENTO DE EQUIPO DE CÓMPUTO','SM'),
	(6,'COMPONENTE BASICO Y PROPEDEUTICO','TC');

/*!40000 ALTER TABLE `carreras` ENABLE KEYS */;
UNLOCK TABLES;


# Volcado de tabla grupos
# ------------------------------------------------------------

DROP TABLE IF EXISTS `grupos`;

CREATE TABLE `grupos` (
  `id` int(10) unsigned NOT NULL AUTO_INCREMENT,
  `carrera_id` int(10) unsigned NOT NULL,
  `semestre` tinyint(1) unsigned NOT NULL,
  `turno` enum('MATUTINO','VESPERTINO') NOT NULL,
  `nombre` char(6) NOT NULL,
  `periodo` varchar(30) NOT NULL,
  PRIMARY KEY (`id`),
  UNIQUE KEY `uk_nombre_periodo` (`nombre`,`periodo`),
  KEY `fk_grupos_carreras` (`carrera_id`),
  CONSTRAINT `fk_grupos_carreras` FOREIGN KEY (`carrera_id`) REFERENCES `carreras` (`id`) ON UPDATE CASCADE
) ENGINE=InnoDB DEFAULT CHARSET=utf8mb4;

LOCK TABLES `grupos` WRITE;
/*!40000 ALTER TABLE `grupos` DISABLE KEYS */;

INSERT INTO `grupos` (`id`, `carrera_id`, `semestre`, `turno`, `nombre`, `periodo`)
VALUES
	(1,6,1,'MATUTINO','1AM-TC','SEMESTRAL 1 - 2018'),
	(2,6,1,'VESPERTINO','1AV-TC','SEMESTRAL 1 - 2017'),
	(3,6,1,'VESPERTINO','1BV-TC','SEMESTRAL 1 - 2017'),
	(4,6,1,'MATUTINO','1CM-TC','SEMESTRAL 1 - 2017'),
	(5,6,1,'VESPERTINO','1CV-TC','SEMESTRAL 1 - 2017'),
	(6,6,1,'MATUTINO','1DM-TC','SEMESTRAL 1 - 2017'),
	(7,6,1,'MATUTINO','1EM-TC','SEMESTRAL 1 - 2017'),
	(8,6,1,'MATUTINO','1FM-TC','SEMESTRAL 1 - 2017'),
	(9,4,2,'MATUTINO','2AM-PR','SEMESTRAL 2 - 2017'),
	(10,4,2,'VESPERTINO','2AV-PR','SEMESTRAL 2 - 2017'),
	(11,4,3,'VESPERTINO','3AV-PR','SEMESTRAL 1 - 2018');

/*!40000 ALTER TABLE `grupos` ENABLE KEYS */;
UNLOCK TABLES;



/*!40111 SET SQL_NOTES=@OLD_SQL_NOTES */;
/*!40101 SET SQL_MODE=@OLD_SQL_MODE */;
/*!40014 SET FOREIGN_KEY_CHECKS=@OLD_FOREIGN_KEY_CHECKS */;
/*!40101 SET CHARACTER_SET_CLIENT=@OLD_CHARACTER_SET_CLIENT */;
/*!40101 SET CHARACTER_SET_RESULTS=@OLD_CHARACTER_SET_RESULTS */;
/*!40101 SET COLLATION_CONNECTION=@OLD_COLLATION_CONNECTION */;
